{"cameraMode":{"drawMode":0,"name":"Shaded","section":"Shading Mode"},"sceneLighting":true,"audioPlay":false,"sceneViewState":{"showFog":true,"showMaterialUpdate":false,"showSkybox":true,"showFlares":true,"showImageEffects":true,"showParticleSystems":true},"in2DMode":false,"pivot":{"x":2961.603271484375,"y":52.452125549316409,"z":-228.051513671875},"rotation":{"x":0.05394043028354645,"y":0.3056115508079529,"z":0.017343832179903985,"w":-0.9504703283309937},"size":115.19986724853516,"orthographic":false}