{"cameraMode":{"drawMode":0,"name":"Shaded","section":"Shading Mode"},"sceneLighting":false,"audioPlay":false,"sceneViewState":{"showFog":true,"showMaterialUpdate":false,"showSkybox":false,"showFlares":true,"showImageEffects":true,"showParticleSystems":true},"in2DMode":false,"pivot":{"x":26.209075927734376,"y":66.4569320678711,"z":-27.82891273498535},"rotation":{"x":0.006432772614061832,"y":-0.6723436713218689,"z":-0.005843123886734247,"w":-0.7401898503303528},"size":6.616193771362305,"orthographic":false}